{"cameraMode":{"drawMode":0,"name":"Shaded","section":"Shading Mode"},"sceneLighting":true,"audioPlay":false,"sceneViewState":{"m_AlwaysRefresh":false,"showFog":true,"showSkybox":true,"showFlares":true,"showImageEffects":true,"showParticleSystems":true,"showVisualEffectGraphs":true,"m_FxEnabled":true},"in2DMode":false,"pivot":{"x":-0.48730573058128359,"y":0.8659404516220093,"z":0.5350016355514526},"rotation":{"x":-0.08274264633655548,"y":0.8960348963737488,"z":-0.1884642392396927,"w":-0.3933916389942169},"size":1.6081668138504029,"orthographic":false}