{"cameraMode":{"drawMode":0,"name":"Shaded","section":"Shading Mode"},"sceneLighting":true,"audioPlay":false,"sceneViewState":{"m_AlwaysRefresh":false,"showFog":true,"showSkybox":true,"showFlares":true,"showImageEffects":true,"showParticleSystems":true,"showVisualEffectGraphs":true,"m_FxEnabled":true},"in2DMode":false,"pivot":{"x":0.09467297792434693,"y":-0.44484496116638186,"z":2.033132553100586},"rotation":{"x":-0.11696864664554596,"y":0.03484846279025078,"z":-0.004106916021555662,"w":-0.992516279220581},"size":5.947769641876221,"orthographic":false}